"filename", "language", "JavaScript", "Vue", "Markdown", "JSON", "CSS", "HTML", "comment", "blank", "total"
"f:\F_study_data\2-学习资料\大前端\5_项目\5_博客\myBlog\admin\README.md", "Markdown", 0, 0, 19, 0, 0, 0, 0, 6, 25
"f:\F_study_data\2-学习资料\大前端\5_项目\5_博客\myBlog\admin\babel.config.js", "JavaScript", 5, 0, 0, 0, 0, 0, 0, 1, 6
"f:\F_study_data\2-学习资料\大前端\5_项目\5_博客\myBlog\admin\package-lock.json", "JSON", 0, 0, 0, 26781, 0, 0, 0, 1, 26782
"f:\F_study_data\2-学习资料\大前端\5_项目\5_博客\myBlog\admin\package.json", "JSON", 0, 0, 0, 49, 0, 0, 0, 1, 50
"f:\F_study_data\2-学习资料\大前端\5_项目\5_博客\myBlog\admin\public\index.html", "HTML", 0, 0, 0, 0, 0, 16, 1, 1, 18
"f:\F_study_data\2-学习资料\大前端\5_项目\5_博客\myBlog\admin\src\App.vue", "Vue", 0, 11, 0, 0, 0, 0, 0, 3, 14
"f:\F_study_data\2-学习资料\大前端\5_项目\5_博客\myBlog\admin\src\assets\css\base.css", "CSS", 0, 0, 0, 0, 25, 0, 3, 6, 34
"f:\F_study_data\2-学习资料\大前端\5_项目\5_博客\myBlog\admin\src\components\common\BreadCrumb.vue", "Vue", 0, 21, 0, 0, 0, 0, 0, 6, 27
"f:\F_study_data\2-学习资料\大前端\5_项目\5_博客\myBlog\admin\src\components\content\DataTable.vue", "Vue", 0, 218, 0, 0, 0, 0, 8, 19, 245
"f:\F_study_data\2-学习资料\大前端\5_项目\5_博客\myBlog\admin\src\layout\index.vue", "Vue", 0, 133, 0, 0, 0, 0, 4, 13, 150
"f:\F_study_data\2-学习资料\大前端\5_项目\5_博客\myBlog\admin\src\main.js", "JavaScript", 13, 0, 0, 0, 0, 0, 2, 6, 21
"f:\F_study_data\2-学习资料\大前端\5_项目\5_博客\myBlog\admin\src\network\about.js", "JavaScript", 14, 0, 0, 0, 0, 0, 0, 3, 17
"f:\F_study_data\2-学习资料\大前端\5_项目\5_博客\myBlog\admin\src\network\article.js", "JavaScript", 58, 0, 0, 0, 0, 0, 0, 9, 67
"f:\F_study_data\2-学习资料\大前端\5_项目\5_博客\myBlog\admin\src\network\auth.js", "JavaScript", 9, 0, 0, 0, 0, 0, 0, 2, 11
"f:\F_study_data\2-学习资料\大前端\5_项目\5_博客\myBlog\admin\src\network\category.js", "JavaScript", 32, 0, 0, 0, 0, 0, 0, 5, 37
"f:\F_study_data\2-学习资料\大前端\5_项目\5_博客\myBlog\admin\src\network\comment.js", "JavaScript", 38, 0, 0, 0, 0, 0, 0, 7, 45
"f:\F_study_data\2-学习资料\大前端\5_项目\5_博客\myBlog\admin\src\network\message.js", "JavaScript", 38, 0, 0, 0, 0, 0, 0, 7, 45
"f:\F_study_data\2-学习资料\大前端\5_项目\5_博客\myBlog\admin\src\network\request.js", "JavaScript", 24, 0, 0, 0, 0, 0, 0, 4, 28
"f:\F_study_data\2-学习资料\大前端\5_项目\5_博客\myBlog\admin\src\plugins\element.js", "JavaScript", 71, 0, 0, 0, 0, 0, 0, 14, 85
"f:\F_study_data\2-学习资料\大前端\5_项目\5_博客\myBlog\admin\src\router\index.js", "JavaScript", 90, 0, 0, 0, 0, 0, 0, 8, 98
"f:\F_study_data\2-学习资料\大前端\5_项目\5_博客\myBlog\admin\src\views\about\AboutManage.vue", "Vue", 0, 19, 0, 0, 0, 0, 0, 4, 23
"f:\F_study_data\2-学习资料\大前端\5_项目\5_博客\myBlog\admin\src\views\about\childComps\AboutForm.vue", "Vue", 0, 101, 0, 0, 0, 0, 1, 5, 107
"f:\F_study_data\2-学习资料\大前端\5_项目\5_博客\myBlog\admin\src\views\article\ArticleEdit.vue", "Vue", 0, 27, 0, 0, 0, 0, 0, 4, 31
"f:\F_study_data\2-学习资料\大前端\5_项目\5_博客\myBlog\admin\src\views\article\ArticleManage.vue", "Vue", 0, 22, 0, 0, 0, 0, 0, 4, 26
"f:\F_study_data\2-学习资料\大前端\5_项目\5_博客\myBlog\admin\src\views\article\childComps\ArticleFilter.vue", "Vue", 0, 128, 0, 0, 0, 0, 0, 10, 138
"f:\F_study_data\2-学习资料\大前端\5_项目\5_博客\myBlog\admin\src\views\article\childComps\ArticleForm.vue", "Vue", 0, 182, 0, 0, 0, 0, 3, 17, 202
"f:\F_study_data\2-学习资料\大前端\5_项目\5_博客\myBlog\admin\src\views\article\childComps\ArticleTable.vue", "Vue", 0, 252, 0, 0, 0, 0, 13, 20, 285
"f:\F_study_data\2-学习资料\大前端\5_项目\5_博客\myBlog\admin\src\views\auth\AdminLogin.vue", "Vue", 0, 163, 0, 0, 0, 0, 13, 16, 192
"f:\F_study_data\2-学习资料\大前端\5_项目\5_博客\myBlog\admin\src\views\category\CateManage.vue", "Vue", 0, 23, 0, 0, 0, 0, 0, 4, 27
"f:\F_study_data\2-学习资料\大前端\5_项目\5_博客\myBlog\admin\src\views\category\childComps\CateForm.vue", "Vue", 0, 189, 0, 0, 0, 0, 18, 26, 233
"f:\F_study_data\2-学习资料\大前端\5_项目\5_博客\myBlog\admin\src\views\category\childComps\CateTable.vue", "Vue", 0, 108, 0, 0, 0, 0, 6, 15, 129
"f:\F_study_data\2-学习资料\大前端\5_项目\5_博客\myBlog\admin\src\views\comment\CommentManage.vue", "Vue", 0, 21, 0, 0, 0, 0, 2, 4, 27
"f:\F_study_data\2-学习资料\大前端\5_项目\5_博客\myBlog\admin\src\views\comment\childComps\CommentFilter.vue", "Vue", 0, 80, 0, 0, 0, 0, 0, 4, 84
"f:\F_study_data\2-学习资料\大前端\5_项目\5_博客\myBlog\admin\src\views\comment\childComps\CommentTable.vue", "Vue", 0, 105, 0, 0, 0, 0, 4, 10, 119
"f:\F_study_data\2-学习资料\大前端\5_项目\5_博客\myBlog\admin\src\views\message\MessageManage.vue", "Vue", 0, 21, 0, 0, 0, 0, 2, 4, 27
"f:\F_study_data\2-学习资料\大前端\5_项目\5_博客\myBlog\admin\src\views\message\childComps\MessageFilter.vue", "Vue", 0, 75, 0, 0, 0, 0, 0, 4, 79
"f:\F_study_data\2-学习资料\大前端\5_项目\5_博客\myBlog\admin\src\views\message\childComps\MessageTable.vue", "Vue", 0, 100, 0, 0, 0, 0, 4, 10, 114
"f:\F_study_data\2-学习资料\大前端\5_项目\5_博客\myBlog\admin\vue.config.js", "JavaScript", 25, 0, 0, 0, 0, 0, 0, 1, 26
"Total", "-", 417, 1999, 19, 26830, 25, 16, 84, 284, 29674